sweep,R,T,W
510,1,1,0.785037
510,1,2,0.6207
510,1,3,0.491326
510,2,1,0.629335
510,2,2,0.413036
510,2,3,0.293954
520,1,1,0.790499
520,1,2,0.623774
520,1,3,0.491017
520,2,1,0.631583
520,2,2,0.411192
520,2,3,0.279953
530,1,1,0.773593
530,1,2,0.617678
530,1,3,0.488003
530,2,1,0.621227
530,2,2,0.410037
530,2,3,0.275933
540,1,1,0.780109
540,1,2,0.624898
540,1,3,0.51411
540,2,1,0.64
540,2,2,0.448643
540,2,3,0.299882
550,1,1,0.781513
550,1,2,0.634294
550,1,3,0.518268
550,2,1,0.626689
550,2,2,0.416783
550,2,3,0.284594
560,1,1,0.791425
560,1,2,0.643371
560,1,3,0.515565
560,2,1,0.645729
560,2,2,0.463662
560,2,3,0.339968
570,1,1,0.788458
570,1,2,0.631267
570,1,3,0.518537
570,2,1,0.632012
570,2,2,0.419887
570,2,3,0.287746
580,1,1,0.781066
580,1,2,0.63597
580,1,3,0.517443
580,2,1,0.62521
580,2,2,0.427967
580,2,3,0.304654
590,1,1,0.792383
590,1,2,0.647811
590,1,3,0.541927
590,2,1,0.643289
590,2,2,0.452826
590,2,3,0.333656
600,1,1,0.787736
600,1,2,0.630594
600,1,3,0.535633
600,2,1,0.629298
600,2,2,0.405918
600,2,3,0.294068
610,1,1,0.801308
610,1,2,0.654059
610,1,3,0.526277
610,2,1,0.669841
610,2,2,0.477855
610,2,3,0.352102
620,1,1,0.804518
620,1,2,0.669606
620,1,3,0.568127
620,2,1,0.669881
620,2,2,0.491156
620,2,3,0.377179
630,1,1,0.795903
630,1,2,0.675212
630,1,3,0.564827
630,2,1,0.645624
630,2,2,0.523257
630,2,3,0.417685
640,1,1,0.786864
640,1,2,0.638043
640,1,3,0.502026
640,2,1,0.624953
640,2,2,0.43811
640,2,3,0.313142
650,1,1,0.792038
650,1,2,0.64329
650,1,3,0.526643
650,2,1,0.648557
650,2,2,0.446745
650,2,3,0.327208
660,1,1,0.798347
660,1,2,0.649076
660,1,3,0.531209
660,2,1,0.652424
660,2,2,0.456639
660,2,3,0.326947
670,1,1,0.776741
670,1,2,0.649018
670,1,3,0.554272
670,2,1,0.625044
670,2,2,0.465063
670,2,3,0.367928
680,1,1,0.794648
680,1,2,0.64875
680,1,3,0.526311
680,2,1,0.656643
680,2,2,0.489021
680,2,3,0.383383
690,1,1,0.785477
690,1,2,0.666107
690,1,3,0.550028
690,2,1,0.618607
690,2,2,0.46587
690,2,3,0.330492
700,1,1,0.803123
700,1,2,0.657927
700,1,3,0.551587
700,2,1,0.646799
700,2,2,0.452299
700,2,3,0.329225
710,1,1,0.783302
710,1,2,0.645978
710,1,3,0.544296
710,2,1,0.632205
710,2,2,0.44357
710,2,3,0.300255
720,1,1,0.787701
720,1,2,0.656836
720,1,3,0.552221
720,2,1,0.637217
720,2,2,0.468659
720,2,3,0.372858
730,1,1,0.791426
730,1,2,0.634731
730,1,3,0.533114
730,2,1,0.631202
730,2,2,0.412821
730,2,3,0.298023
740,1,1,0.801907
740,1,2,0.676662
740,1,3,0.572922
740,2,1,0.650314
740,2,2,0.480323
740,2,3,0.385687
750,1,1,0.803487
750,1,2,0.668591
750,1,3,0.567425
750,2,1,0.669205
750,2,2,0.489522
750,2,3,0.378346
760,1,1,0.806428
760,1,2,0.667779
760,1,3,0.56655
760,2,1,0.664926
760,2,2,0.471585
760,2,3,0.357207
770,1,1,0.788062
770,1,2,0.643112
770,1,3,0.528412
770,2,1,0.652654
770,2,2,0.455075
770,2,3,0.333072
780,1,1,0.775668
780,1,2,0.627341
780,1,3,0.515965
780,2,1,0.623341
780,2,2,0.415471
780,2,3,0.307228
790,1,1,0.778525
790,1,2,0.630292
790,1,3,0.514579
790,2,1,0.627537
790,2,2,0.433066
790,2,3,0.31906
800,1,1,0.780822
800,1,2,0.6083
800,1,3,0.489181
800,2,1,0.64624
800,2,2,0.445655
800,2,3,0.325322
810,1,1,0.782058
810,1,2,0.630617
810,1,3,0.515618
810,2,1,0.631871
810,2,2,0.43495
810,2,3,0.314801
820,1,1,0.792275
820,1,2,0.653558
820,1,3,0.548348
820,2,1,0.643573
820,2,2,0.432113
820,2,3,0.307909
830,1,1,0.787144
830,1,2,0.617428
830,1,3,0.472835
830,2,1,0.638566
830,2,2,0.409508
830,2,3,0.269543
840,1,1,0.800539
840,1,2,0.664514
840,1,3,0.559095
840,2,1,0.656608
840,2,2,0.469376
840,2,3,0.354227
850,1,1,0.788398
850,1,2,0.63816
850,1,3,0.504267
850,2,1,0.634963
850,2,2,0.442685
850,2,3,0.309645
860,1,1,0.788522
860,1,2,0.651988
860,1,3,0.54935
860,2,1,0.644918
860,2,2,0.463754
860,2,3,0.336835
870,1,1,0.794279
870,1,2,0.640741
870,1,3,0.531927
870,2,1,0.647519
870,2,2,0.45513
870,2,3,0.339303
880,1,1,0.787831
880,1,2,0.604407
880,1,3,0.471356
880,2,1,0.621593
880,2,2,0.384467
880,2,3,0.247959
890,1,1,0.775878
890,1,2,0.616338
890,1,3,0.52059
890,2,1,0.621918
890,2,2,0.390202
890,2,3,0.294823
900,1,1,0.776754
900,1,2,0.629011
900,1,3,0.509964
900,2,1,0.614072
900,2,2,0.400669
900,2,3,0.267835
910,1,1,0.778653
910,1,2,0.611502
910,1,3,0.477498
910,2,1,0.625913
910,2,2,0.401849
910,2,3,0.277867
920,1,1,0.756807
920,1,2,0.583434
920,1,3,0.46725
920,2,1,0.593094
920,2,2,0.378756
920,2,3,0.269582
930,1,1,0.779074
930,1,2,0.62942
930,1,3,0.519287
930,2,1,0.623432
930,2,2,0.44179
930,2,3,0.330088
940,1,1,0.794381
940,1,2,0.635813
940,1,3,0.513469
940,2,1,0.667596
940,2,2,0.483999
940,2,3,0.357859
950,1,1,0.801099
950,1,2,0.636851
950,1,3,0.520122
950,2,1,0.665054
950,2,2,0.46039
950,2,3,0.34275
960,1,1,0.787122
960,1,2,0.647317
960,1,3,0.514857
960,2,1,0.643104
960,2,2,0.443962
960,2,3,0.287684
970,1,1,0.797573
970,1,2,0.658866
970,1,3,0.556124
970,2,1,0.661196
970,2,2,0.47048
970,2,3,0.357092
980,1,1,0.784058
980,1,2,0.61384
980,1,3,0.504335
980,2,1,0.62959
980,2,2,0.421661
980,2,3,0.317323
990,1,1,0.797562
990,1,2,0.660453
990,1,3,0.535733
990,2,1,0.643573
990,2,2,0.474795
990,2,3,0.352384
1000,1,1,0.795742
1000,1,2,0.648992
1000,1,3,0.530908
1000,2,1,0.663671
1000,2,2,0.462834
1000,2,3,0.336578
1010,1,1,0.798262
1010,1,2,0.655074
1010,1,3,0.557023
1010,2,1,0.656096
1010,2,2,0.473427
1010,2,3,0.3527
1020,1,1,0.777838
1020,1,2,0.642477
1020,1,3,0.535863
1020,2,1,0.625944
1020,2,2,0.453754
1020,2,3,0.352552
1030,1,1,0.764741
1030,1,2,0.615283
1030,1,3,0.516412
1030,2,1,0.615741
1030,2,2,0.424992
1030,2,3,0.317638
1040,1,1,0.769835
1040,1,2,0.596213
1040,1,3,0.453292
1040,2,1,0.619688
1040,2,2,0.419037
1040,2,3,0.272926
1050,1,1,0.772449
1050,1,2,0.624949
1050,1,3,0.507984
1050,2,1,0.593981
1050,2,2,0.393382
1050,2,3,0.256282
1060,1,1,0.795783
1060,1,2,0.659847
1060,1,3,0.549421
1060,2,1,0.632832
1060,2,2,0.422191
1060,2,3,0.27892
1070,1,1,0.797094
1070,1,2,0.64763
1070,1,3,0.536875
1070,2,1,0.66866
1070,2,2,0.478509
1070,2,3,0.354702
1080,1,1,0.78394
1080,1,2,0.64723
1080,1,3,0.553796
1080,2,1,0.627883
1080,2,2,0.466554
1080,2,3,0.349458
1090,1,1,0.772925
1090,1,2,0.624335
1090,1,3,0.503022
1090,2,1,0.606122
1090,2,2,0.397404
1090,2,3,0.257959
1100,1,1,0.796975
1100,1,2,0.636887
1100,1,3,0.519356
1100,2,1,0.666987
1100,2,2,0.462716
1100,2,3,0.334607
1110,1,1,0.789903
1110,1,2,0.654117
1110,1,3,0.522816
1110,2,1,0.654424
1110,2,2,0.457407
1110,2,3,0.318366
1120,1,1,0.783829
1120,1,2,0.630705
1120,1,3,0.518256
1120,2,1,0.624181
1120,2,2,0.395645
1120,2,3,0.25078
1130,1,1,0.811816
1130,1,2,0.679339
1130,1,3,0.567861
1130,2,1,0.678716
1130,2,2,0.489127
1130,2,3,0.349971
1140,1,1,0.799065
1140,1,2,0.642912
1140,1,3,0.522869
1140,2,1,0.645844
1140,2,2,0.431881
1140,2,3,0.302712
1150,1,1,0.804227
1150,1,2,0.668514
1150,1,3,0.5645
1150,2,1,0.668414
1150,2,2,0.495932
1150,2,3,0.38778
1160,1,1,0.784228
1160,1,2,0.621998
1160,1,3,0.504462
1160,2,1,0.663908
1160,2,2,0.457423
1160,2,3,0.324406
1170,1,1,0.796635
1170,1,2,0.651945
1170,1,3,0.540878
1170,2,1,0.653372
1170,2,2,0.472061
1170,2,3,0.327444
1180,1,1,0.773065
1180,1,2,0.610132
1180,1,3,0.491189
1180,2,1,0.622131
1180,2,2,0.418956
1180,2,3,0.293291
1190,1,1,0.790372
1190,1,2,0.625584
1190,1,3,0.511243
1190,2,1,0.635661
1190,2,2,0.437439
1190,2,3,0.306492
1200,1,1,0.78492
1200,1,2,0.640939
1200,1,3,0.529796
1200,2,1,0.627861
1200,2,2,0.42193
1200,2,3,0.302961
1210,1,1,0.801747
1210,1,2,0.66515
1210,1,3,0.561472
1210,2,1,0.655425
1210,2,2,0.470621
1210,2,3,0.341221
1220,1,1,0.790753
1220,1,2,0.632827
1220,1,3,0.516657
1220,2,1,0.655362
1220,2,2,0.45807
1220,2,3,0.333997
1230,1,1,0.790554
1230,1,2,0.642942
1230,1,3,0.535229
1230,2,1,0.667354
1230,2,2,0.483232
1230,2,3,0.368835
1240,1,1,0.783458
1240,1,2,0.631683
1240,1,3,0.540219
1240,2,1,0.639335
1240,2,2,0.439728
1240,2,3,0.3371
1250,1,1,0.809332
1250,1,2,0.664631
1250,1,3,0.543642
1250,2,1,0.660684
1250,2,2,0.445675
1250,2,3,0.272618
1260,1,1,0.782638
1260,1,2,0.623472
1260,1,3,0.502666
1260,2,1,0.63762
1260,2,2,0.432864
1260,2,3,0.301662
1270,1,1,0.791437
1270,1,2,0.636712
1270,1,3,0.51107
1270,2,1,0.653886
1270,2,2,0.462511
1270,2,3,0.332098
1280,1,1,0.793832
1280,1,2,0.644443
1280,1,3,0.534605
1280,2,1,0.650083
1280,2,2,0.429913
1280,2,3,0.308703
1290,1,1,0.783106
1290,1,2,0.648716
1290,1,3,0.548556
1290,2,1,0.627044
1290,2,2,0.447401
1290,2,3,0.317035
1300,1,1,0.785095
1300,1,2,0.621216
1300,1,3,0.497038
1300,2,1,0.634897
1300,2,2,0.430427
1300,2,3,0.28704
1310,1,1,0.803165
1310,1,2,0.665824
1310,1,3,0.558968
1310,2,1,0.663659
1310,2,2,0.491654
1310,2,3,0.370088
1320,1,1,0.779111
1320,1,2,0.609469
1320,1,3,0.474269
1320,2,1,0.63103
1320,2,2,0.426048
1320,2,3,0.265834
1330,1,1,0.786985
1330,1,2,0.659798
1330,1,3,0.534029
1330,2,1,0.623297
1330,2,2,0.456918
1330,2,3,0.304447
1340,1,1,0.782467
1340,1,2,0.62534
1340,1,3,0.501255
1340,2,1,0.65234
1340,2,2,0.453711
1340,2,3,0.298471
1350,1,1,0.781786
1350,1,2,0.630432
1350,1,3,0.525514
1350,2,1,0.628302
1350,2,2,0.43787
1350,2,3,0.32632
1360,1,1,0.778582
1360,1,2,0.599633
1360,1,3,0.475477
1360,2,1,0.625601
1360,2,2,0.433249
1360,2,3,0.316992
1370,1,1,0.796787
1370,1,2,0.674588
1370,1,3,0.57133
1370,2,1,0.643828
1370,2,2,0.473329
1370,2,3,0.374715
1380,1,1,0.8054
1380,1,2,0.664033
1380,1,3,0.545988
1380,2,1,0.657295
1380,2,2,0.468496
1380,2,3,0.357812
1390,1,1,0.788176
1390,1,2,0.639678
1390,1,3,0.525193
1390,2,1,0.646219
1390,2,2,0.4668
1390,2,3,0.331999
1400,1,1,0.8079
1400,1,2,0.672939
1400,1,3,0.567838
1400,2,1,0.678144
1400,2,2,0.493303
1400,2,3,0.36507
1410,1,1,0.776096
1410,1,2,0.611609
1410,1,3,0.484915
1410,2,1,0.630387
1410,2,2,0.408559
1410,2,3,0.280058
1420,1,1,0.786186
1420,1,2,0.625624
1420,1,3,0.510788
1420,2,1,0.649208
1420,2,2,0.440822
1420,2,3,0.313338
1430,1,1,0.767552
1430,1,2,0.618133
1430,1,3,0.493075
1430,2,1,0.606139
1430,2,2,0.407591
1430,2,3,0.283317
1440,1,1,0.785246
1440,1,2,0.622523
1440,1,3,0.512061
1440,2,1,0.635627
1440,2,2,0.426005
1440,2,3,0.336539
1450,1,1,0.7807
1450,1,2,0.629624
1450,1,3,0.520937
1450,2,1,0.642024
1450,2,2,0.4447
1450,2,3,0.333158
1460,1,1,0.784179
1460,1,2,0.640716
1460,1,3,0.516153
1460,2,1,0.652125
1460,2,2,0.469658
1460,2,3,0.323397
1470,1,1,0.782343
1470,1,2,0.623693
1470,1,3,0.496379
1470,2,1,0.617197
1470,2,2,0.400472
1470,2,3,0.254083
1480,1,1,0.781235
1480,1,2,0.640922
1480,1,3,0.538872
1480,2,1,0.625761
1480,2,2,0.425296
1480,2,3,0.310144
1490,1,1,0.774918
1490,1,2,0.611138
1490,1,3,0.491073
1490,2,1,0.620399
1490,2,2,0.406816
1490,2,3,0.284218
1500,1,1,0.783466
1500,1,2,0.628027
1500,1,3,0.497739
1500,2,1,0.637893
1500,2,2,0.425423
1500,2,3,0.301256
1510,1,1,0.792611
1510,1,2,0.639408
1510,1,3,0.51933
1510,2,1,0.658532
1510,2,2,0.465663
1510,2,3,0.334137
1520,1,1,0.796388
1520,1,2,0.679746
1520,1,3,0.572357
1520,2,1,0.638782
1520,2,2,0.476212
1520,2,3,0.331579
1530,1,1,0.807675
1530,1,2,0.683502
1530,1,3,0.586616
1530,2,1,0.67367
1530,2,2,0.494342
1530,2,3,0.37422
1540,1,1,0.800878
1540,1,2,0.660165
1540,1,3,0.555668
1540,2,1,0.664976
1540,2,2,0.459258
1540,2,3,0.333941
1550,1,1,0.787151
1550,1,2,0.637938
1550,1,3,0.509683
1550,2,1,0.63774
1550,2,2,0.453616
1550,2,3,0.317444
1560,1,1,0.79783
1560,1,2,0.650446
1560,1,3,0.523357
1560,2,1,0.640827
1560,2,2,0.461806
1560,2,3,0.338987
1570,1,1,0.795879
1570,1,2,0.65012
1570,1,3,0.529539
1570,2,1,0.630467
1570,2,2,0.428134
1570,2,3,0.289488
1580,1,1,0.789693
1580,1,2,0.633098
1580,1,3,0.5185
1580,2,1,0.645266
1580,2,2,0.449141
1580,2,3,0.320775
1590,1,1,0.790889
1590,1,2,0.651743
1590,1,3,0.52564
1590,2,1,0.642185
1590,2,2,0.471655
1590,2,3,0.338906
1600,1,1,0.773691
1600,1,2,0.598126
1600,1,3,0.447879
1600,2,1,0.625291
1600,2,2,0.418314
1600,2,3,0.266918
1610,1,1,0.807354
1610,1,2,0.666019
1610,1,3,0.539933
1610,2,1,0.659323
1610,2,2,0.486023
1610,2,3,0.3467
1620,1,1,0.796876
1620,1,2,0.651462
1620,1,3,0.544402
1620,2,1,0.655067
1620,2,2,0.450442
1620,2,3,0.325379
1630,1,1,0.789818
1630,1,2,0.642614
1630,1,3,0.495892
1630,2,1,0.630233
1630,2,2,0.404591
1630,2,3,0.244176
1640,1,1,0.788068
1640,1,2,0.642547
1640,1,3,0.525371
1640,2,1,0.626928
1640,2,2,0.432665
1640,2,3,0.291451
1650,1,1,0.795536
1650,1,2,0.65272
1650,1,3,0.519787
1650,2,1,0.65358
1650,2,2,0.476964
1650,2,3,0.325778
1660,1,1,0.798451
1660,1,2,0.646155
1660,1,3,0.519501
1660,2,1,0.654312
1660,2,2,0.448412
1660,2,3,0.300927
1670,1,1,0.801689
1670,1,2,0.650956
1670,1,3,0.521643
1670,2,1,0.667697
1670,2,2,0.492368
1670,2,3,0.354715
1680,1,1,0.800168
1680,1,2,0.655791
1680,1,3,0.564416
1680,2,1,0.672979
1680,2,2,0.486304
1680,2,3,0.381399
1690,1,1,0.806661
1690,1,2,0.665945
1690,1,3,0.569149
1690,2,1,0.67678
1690,2,2,0.492013
1690,2,3,0.40635
1700,1,1,0.79922
1700,1,2,0.656154
1700,1,3,0.545476
1700,2,1,0.670347
1700,2,2,0.492043
1700,2,3,0.363838
1710,1,1,0.800598
1710,1,2,0.677835
1710,1,3,0.585375
1710,2,1,0.647076
1710,2,2,0.493726
1710,2,3,0.395143
1720,1,1,0.780117
1720,1,2,0.635882
1720,1,3,0.512372
1720,2,1,0.63023
1720,2,2,0.463629
1720,2,3,0.346796
1730,1,1,0.799914
1730,1,2,0.662433
1730,1,3,0.533842
1730,2,1,0.674982
1730,2,2,0.494524
1730,2,3,0.384741
1740,1,1,0.814936
1740,1,2,0.688021
1740,1,3,0.59088
1740,2,1,0.678889
1740,2,2,0.498239
1740,2,3,0.380015
1750,1,1,0.797193
1750,1,2,0.669052
1750,1,3,0.560371
1750,2,1,0.663125
1750,2,2,0.506187
1750,2,3,0.383666
1760,1,1,0.781876
1760,1,2,0.63796
1760,1,3,0.536535
1760,2,1,0.612992
1760,2,2,0.445159
1760,2,3,0.336918
1770,1,1,0.790756
1770,1,2,0.646633
1770,1,3,0.510296
1770,2,1,0.633419
1770,2,2,0.439231
1770,2,3,0.312174
1780,1,1,0.789702
1780,1,2,0.638768
1780,1,3,0.536575
1780,2,1,0.653824
1780,2,2,0.454437
1780,2,3,0.348755
1790,1,1,0.784636
1790,1,2,0.644914
1790,1,3,0.522658
1790,2,1,0.64402
1790,2,2,0.45756
1790,2,3,0.352446
1800,1,1,0.776534
1800,1,2,0.634731
1800,1,3,0.513495
1800,2,1,0.623842
1800,2,2,0.430532
1800,2,3,0.295577
1810,1,1,0.790514
1810,1,2,0.646154
1810,1,3,0.536326
1810,2,1,0.630401
1810,2,2,0.424712
1810,2,3,0.308538
1820,1,1,0.771626
1820,1,2,0.625994
1820,1,3,0.522822
1820,2,1,0.615356
1820,2,2,0.422314
1820,2,3,0.318184
1830,1,1,0.791351
1830,1,2,0.620759
1830,1,3,0.496836
1830,2,1,0.656696
1830,2,2,0.440438
1830,2,3,0.301964
1840,1,1,0.799584
1840,1,2,0.64482
1840,1,3,0.535423
1840,2,1,0.663839
1840,2,2,0.432737
1840,2,3,0.299109
1850,1,1,0.800566
1850,1,2,0.663249
1850,1,3,0.563785
1850,2,1,0.665138
1850,2,2,0.460811
1850,2,3,0.319587
1860,1,1,0.800992
1860,1,2,0.661827
1860,1,3,0.549828
1860,2,1,0.652853
1860,2,2,0.466921
1860,2,3,0.326542
1870,1,1,0.778549
1870,1,2,0.62852
1870,1,3,0.492591
1870,2,1,0.640441
1870,2,2,0.467188
1870,2,3,0.312449
1880,1,1,0.769764
1880,1,2,0.601174
1880,1,3,0.464335
1880,2,1,0.614886
1880,2,2,0.424189
1880,2,3,0.308323
1890,1,1,0.785094
1890,1,2,0.63062
1890,1,3,0.505796
1890,2,1,0.622777
1890,2,2,0.414883
1890,2,3,0.297089
1900,1,1,0.781349
1900,1,2,0.636319
1900,1,3,0.513055
1900,2,1,0.611022
1900,2,2,0.419472
1900,2,3,0.291206
1910,1,1,0.767906
1910,1,2,0.610407
1910,1,3,0.49427
1910,2,1,0.597636
1910,2,2,0.376754
1910,2,3,0.264972
1920,1,1,0.774505
1920,1,2,0.581177
1920,1,3,0.438932
1920,2,1,0.61078
1920,2,2,0.370625
1920,2,3,0.243233
1930,1,1,0.802739
1930,1,2,0.660667
1930,1,3,0.565206
1930,2,1,0.659159
1930,2,2,0.44188
1930,2,3,0.335381
1940,1,1,0.808984
1940,1,2,0.668455
1940,1,3,0.553245
1940,2,1,0.663768
1940,2,2,0.463059
1940,2,3,0.315253
1950,1,1,0.794228
1950,1,2,0.657404
1950,1,3,0.548077
1950,2,1,0.636748
1950,2,2,0.461206
1950,2,3,0.347639
1960,1,1,0.783255
1960,1,2,0.632163
1960,1,3,0.515827
1960,2,1,0.633404
1960,2,2,0.447084
1960,2,3,0.331739
1970,1,1,0.796636
1970,1,2,0.66736
1970,1,3,0.574812
1970,2,1,0.655875
1970,2,2,0.475662
1970,2,3,0.34827
1980,1,1,0.805346
1980,1,2,0.673351
1980,1,3,0.592838
1980,2,1,0.658826
1980,2,2,0.473163
1980,2,3,0.35461
1990,1,1,0.785082
1990,1,2,0.64073
1990,1,3,0.524475
1990,2,1,0.629621
1990,2,2,0.452843
1990,2,3,0.354305
2000,1,1,0.785024
2000,1,2,0.614586
2000,1,3,0.493426
2000,2,1,0.640956
2000,2,2,0.426265
2000,2,3,0.31693
2010,1,1,0.794588
2010,1,2,0.665914
2010,1,3,0.571897
2010,2,1,0.648041
2010,2,2,0.464951
2010,2,3,0.357866
2020,1,1,0.787273
2020,1,2,0.658377
2020,1,3,0.55222
2020,2,1,0.629362
2020,2,2,0.447438
2020,2,3,0.314206
2030,1,1,0.792121
2030,1,2,0.631996
2030,1,3,0.517671
2030,2,1,0.626511
2030,2,2,0.411066
2030,2,3,0.274028
2040,1,1,0.779603
2040,1,2,0.629583
2040,1,3,0.514627
2040,2,1,0.622461
2040,2,2,0.431497
2040,2,3,0.298873
2050,1,1,0.795282
2050,1,2,0.649419
2050,1,3,0.543818
2050,2,1,0.667544
2050,2,2,0.460827
2050,2,3,0.346498
2060,1,1,0.794557
2060,1,2,0.654113
2060,1,3,0.547265
2060,2,1,0.641468
2060,2,2,0.43117
2060,2,3,0.304369
2070,1,1,0.786749
2070,1,2,0.638849
2070,1,3,0.515056
2070,2,1,0.630079
2070,2,2,0.430343
2070,2,3,0.321547
2080,1,1,0.788841
2080,1,2,0.636655
2080,1,3,0.517758
2080,2,1,0.643911
2080,2,2,0.430966
2080,2,3,0.288731
2090,1,1,0.7868
2090,1,2,0.644661
2090,1,3,0.517073
2090,2,1,0.639425
2090,2,2,0.438678
2090,2,3,0.295233
2100,1,1,0.776261
2100,1,2,0.598719
2100,1,3,0.482017
2100,2,1,0.602798
2100,2,2,0.340658
2100,2,3,0.229431
2110,1,1,0.775505
2110,1,2,0.588145
2110,1,3,0.445663
2110,2,1,0.621331
2110,2,2,0.3614
2110,2,3,0.201391
2120,1,1,0.782674
2120,1,2,0.631688
2120,1,3,0.519537
2120,2,1,0.632667
2120,2,2,0.40716
2120,2,3,0.284706
2130,1,1,0.780415
2130,1,2,0.605787
2130,1,3,0.470536
2130,2,1,0.624446
2130,2,2,0.381963
2130,2,3,0.233278
2140,1,1,0.783169
2140,1,2,0.630259
2140,1,3,0.504806
2140,2,1,0.63414
2140,2,2,0.423178
2140,2,3,0.274963
2150,1,1,0.779809
2150,1,2,0.613474
2150,1,3,0.476106
2150,2,1,0.644781
2150,2,2,0.426543
2150,2,3,0.273355
2160,1,1,0.795637
2160,1,2,0.655632
2160,1,3,0.545212
2160,2,1,0.639814
2160,2,2,0.440376
2160,2,3,0.310771
2170,1,1,0.78651
2170,1,2,0.643881
2170,1,3,0.524315
2170,2,1,0.628104
2170,2,2,0.437353
2170,2,3,0.301205
2180,1,1,0.778566
2180,1,2,0.6112
2180,1,3,0.506856
2180,2,1,0.604376
2180,2,2,0.387537
2180,2,3,0.267008
2190,1,1,0.786819
2190,1,2,0.631457
2190,1,3,0.508101
2190,2,1,0.645594
2190,2,2,0.436466
2190,2,3,0.297119
2200,1,1,0.789236
2200,1,2,0.631178
2200,1,3,0.513339
2200,2,1,0.64317
2200,2,2,0.413192
2200,2,3,0.27025
2210,1,1,0.779504
2210,1,2,0.633995
2210,1,3,0.495301
2210,2,1,0.619996
2210,2,2,0.451917
2210,2,3,0.300026
2220,1,1,0.794339
2220,1,2,0.64671
2220,1,3,0.515263
2220,2,1,0.663955
2220,2,2,0.443472
2220,2,3,0.287081
2230,1,1,0.788663
2230,1,2,0.651754
2230,1,3,0.542756
2230,2,1,0.621775
2230,2,2,0.450431
2230,2,3,0.351526
2240,1,1,0.780729
2240,1,2,0.639202
2240,1,3,0.522321
2240,2,1,0.642119
2240,2,2,0.45073
2240,2,3,0.346842
2250,1,1,0.791257
2250,1,2,0.637366
2250,1,3,0.509963
2250,2,1,0.648698
2250,2,2,0.449472
2250,2,3,0.313349
2260,1,1,0.810399
2260,1,2,0.670928
2260,1,3,0.550775
2260,2,1,0.676575
2260,2,2,0.512131
2260,2,3,0.373197
2270,1,1,0.801526
2270,1,2,0.673779
2270,1,3,0.592246
2270,2,1,0.661249
2270,2,2,0.475816
2270,2,3,0.394246
2280,1,1,0.791501
2280,1,2,0.652287
2280,1,3,0.561549
2280,2,1,0.633846
2280,2,2,0.446309
2280,2,3,0.3642
2290,1,1,0.79516
2290,1,2,0.658394
2290,1,3,0.537987
2290,2,1,0.655924
2290,2,2,0.476022
2290,2,3,0.36973
2300,1,1,0.793515
2300,1,2,0.640361
2300,1,3,0.523222
2300,2,1,0.639715
2300,2,2,0.456398
2300,2,3,0.321527
2310,1,1,0.778909
2310,1,2,0.627642
2310,1,3,0.507264
2310,2,1,0.615663
2310,2,2,0.396738
2310,2,3,0.261134
2320,1,1,0.781076
2320,1,2,0.629565
2320,1,3,0.539681
2320,2,1,0.627404
2320,2,2,0.410386
2320,2,3,0.321437
2330,1,1,0.793345
2330,1,2,0.645119
2330,1,3,0.523115
2330,2,1,0.653731
2330,2,2,0.497833
2330,2,3,0.376189
2340,1,1,0.774795
2340,1,2,0.598791
2340,1,3,0.474257
2340,2,1,0.616114
2340,2,2,0.383812
2340,2,3,0.234452
2350,1,1,0.778848
2350,1,2,0.612423
2350,1,3,0.492161
2350,2,1,0.612396
2350,2,2,0.382861
2350,2,3,0.235105
2360,1,1,0.790487
2360,1,2,0.654319
2360,1,3,0.530575
2360,2,1,0.627765
2360,2,2,0.440986
2360,2,3,0.318291
2370,1,1,0.78826
2370,1,2,0.652647
2370,1,3,0.531491
2370,2,1,0.643914
2370,2,2,0.486561
2370,2,3,0.349172
2380,1,1,0.781715
2380,1,2,0.660062
2380,1,3,0.541493
2380,2,1,0.632134
2380,2,2,0.501102
2380,2,3,0.370828
2390,1,1,0.810141
2390,1,2,0.687483
2390,1,3,0.577911
2390,2,1,0.649306
2390,2,2,0.480437
2390,2,3,0.347159
2400,1,1,0.797825
2400,1,2,0.676364
2400,1,3,0.577814
2400,2,1,0.657446
2400,2,2,0.506736
2400,2,3,0.380077
2410,1,1,0.781373
2410,1,2,0.626553
2410,1,3,0.503393
2410,2,1,0.622928
2410,2,2,0.407883
2410,2,3,0.265759
2420,1,1,0.79451
2420,1,2,0.65599
2420,1,3,0.552201
2420,2,1,0.643503
2420,2,2,0.446326
2420,2,3,0.330008
2430,1,1,0.786645
2430,1,2,0.631354
2430,1,3,0.50187
2430,2,1,0.644668
2430,2,2,0.434298
2430,2,3,0.296689
2440,1,1,0.78901
2440,1,2,0.651802
2440,1,3,0.552847
2440,2,1,0.646467
2440,2,2,0.472963
2440,2,3,0.378027
2450,1,1,0.797856
2450,1,2,0.660023
2450,1,3,0.538033
2450,2,1,0.670743
2450,2,2,0.514335
2450,2,3,0.430165
2460,1,1,0.782007
2460,1,2,0.648947
2460,1,3,0.535089
2460,2,1,0.655214
2460,2,2,0.496011
2460,2,3,0.378569
2470,1,1,0.781076
2470,1,2,0.631584
2470,1,3,0.539811
2470,2,1,0.647242
2470,2,2,0.470115
2470,2,3,0.379648
2480,1,1,0.792334
2480,1,2,0.634154
2480,1,3,0.513362
2480,2,1,0.627047
2480,2,2,0.418047
2480,2,3,0.30447
2490,1,1,0.786267
2490,1,2,0.618706
2490,1,3,0.50678
2490,2,1,0.62725
2490,2,2,0.399813
2490,2,3,0.281125
2500,1,1,0.79523
2500,1,2,0.632893
2500,1,3,0.516358
2500,2,1,0.639993
2500,2,2,0.406852
2500,2,3,0.286181
2510,1,1,0.786394
2510,1,2,0.645404
2510,1,3,0.534377
2510,2,1,0.627947
2510,2,2,0.419403
2510,2,3,0.290886
2520,1,1,0.780171
2520,1,2,0.62825
2520,1,3,0.511315
2520,2,1,0.628117
2520,2,2,0.431165
2520,2,3,0.315315
2530,1,1,0.777313
2530,1,2,0.622392
2530,1,3,0.518963
2530,2,1,0.655538
2530,2,2,0.441905
2530,2,3,0.303573
2540,1,1,0.798298
2540,1,2,0.651537
2540,1,3,0.532147
2540,2,1,0.642786
2540,2,2,0.465247
2540,2,3,0.351447
2550,1,1,0.790893
2550,1,2,0.641526
2550,1,3,0.517937
2550,2,1,0.634171
2550,2,2,0.426443
2550,2,3,0.287933
2560,1,1,0.786342
2560,1,2,0.648481
2560,1,3,0.542847
2560,2,1,0.62742
2560,2,2,0.423263
2560,2,3,0.312217
2570,1,1,0.79592
2570,1,2,0.64315
2570,1,3,0.541562
2570,2,1,0.651768
2570,2,2,0.440162
2570,2,3,0.345366
2580,1,1,0.780276
2580,1,2,0.641387
2580,1,3,0.543678
2580,2,1,0.628525
2580,2,2,0.444937
2580,2,3,0.307757
2590,1,1,0.795204
2590,1,2,0.654234
2590,1,3,0.559354
2590,2,1,0.654129
2590,2,2,0.450452
2590,2,3,0.320444
2600,1,1,0.78489
2600,1,2,0.63422
2600,1,3,0.520595
2600,2,1,0.653688
2600,2,2,0.47851
2600,2,3,0.355073
2610,1,1,0.79296
2610,1,2,0.663362
2610,1,3,0.561799
2610,2,1,0.64879
2610,2,2,0.486769
2610,2,3,0.35579
2620,1,1,0.794324
2620,1,2,0.673895
2620,1,3,0.571379
2620,2,1,0.651682
2620,2,2,0.506248
2620,2,3,0.38132
2630,1,1,0.793079
2630,1,2,0.64426
2630,1,3,0.539918
2630,2,1,0.64744
2630,2,2,0.462132
2630,2,3,0.342949
2640,1,1,0.78872
2640,1,2,0.640759
2640,1,3,0.531216
2640,2,1,0.640423
2640,2,2,0.430496
2640,2,3,0.316277
2650,1,1,0.784877
2650,1,2,0.633372
2650,1,3,0.511843
2650,2,1,0.643201
2650,2,2,0.44328
2650,2,3,0.336641
2660,1,1,0.804439
2660,1,2,0.662927
2660,1,3,0.560269
2660,2,1,0.66898
2660,2,2,0.490128
2660,2,3,0.363348
2670,1,1,0.782671
2670,1,2,0.645542
2670,1,3,0.512162
2670,2,1,0.636093
2670,2,2,0.459659
2670,2,3,0.332018
2680,1,1,0.777137
2680,1,2,0.627481
2680,1,3,0.522868
2680,2,1,0.631371
2680,2,2,0.447179
2680,2,3,0.328148
2690,1,1,0.773885
2690,1,2,0.636259
2690,1,3,0.551982
2690,2,1,0.617699
2690,2,2,0.458581
2690,2,3,0.386558
2700,1,1,0.780456
2700,1,2,0.646998
2700,1,3,0.553595
2700,2,1,0.632269
2700,2,2,0.475076
2700,2,3,0.372089
2710,1,1,0.793762
2710,1,2,0.666405
2710,1,3,0.556011
2710,2,1,0.632211
2710,2,2,0.446808
2710,2,3,0.322334
2720,1,1,0.789991
2720,1,2,0.626414
2720,1,3,0.487093
2720,2,1,0.629669
2720,2,2,0.427158
2720,2,3,0.26445
2730,1,1,0.779143
2730,1,2,0.62666
2730,1,3,0.517278
2730,2,1,0.626611
2730,2,2,0.433281
2730,2,3,0.325271
2740,1,1,0.770179
2740,1,2,0.600289
2740,1,3,0.470589
2740,2,1,0.633378
2740,2,2,0.429111
2740,2,3,0.318372
2750,1,1,0.784719
2750,1,2,0.642542
2750,1,3,0.528074
2750,2,1,0.649657
2750,2,2,0.489871
2750,2,3,0.347962
2760,1,1,0.777476
2760,1,2,0.617726
2760,1,3,0.495575
2760,2,1,0.626219
2760,2,2,0.424897
2760,2,3,0.322125
2770,1,1,0.800361
2770,1,2,0.650146
2770,1,3,0.526427
2770,2,1,0.653804
2770,2,2,0.471844
2770,2,3,0.341787
2780,1,1,0.781619
2780,1,2,0.638637
2780,1,3,0.504714
2780,2,1,0.630307
2780,2,2,0.476614
2780,2,3,0.330764
2790,1,1,0.777152
2790,1,2,0.623143
2790,1,3,0.509301
2790,2,1,0.632305
2790,2,2,0.421774
2790,2,3,0.320867
2800,1,1,0.787459
2800,1,2,0.642225
2800,1,3,0.534963
2800,2,1,0.638345
2800,2,2,0.457447
2800,2,3,0.327102
2810,1,1,0.781376
2810,1,2,0.625697
2810,1,3,0.510476
2810,2,1,0.622834
2810,2,2,0.43945
2810,2,3,0.293757
2820,1,1,0.786284
2820,1,2,0.633698
2820,1,3,0.516255
2820,2,1,0.64826
2820,2,2,0.456622
2820,2,3,0.33865
2830,1,1,0.802661
2830,1,2,0.637531
2830,1,3,0.496233
2830,2,1,0.661628
2830,2,2,0.472571
2830,2,3,0.339223
2840,1,1,0.796299
2840,1,2,0.632015
2840,1,3,0.521895
2840,2,1,0.648051
2840,2,2,0.417475
2840,2,3,0.286925
2850,1,1,0.786449
2850,1,2,0.628547
2850,1,3,0.499398
2850,2,1,0.629533
2850,2,2,0.429461
2850,2,3,0.304831
2860,1,1,0.775701
2860,1,2,0.634879
2860,1,3,0.526969
2860,2,1,0.638013
2860,2,2,0.460052
2860,2,3,0.366929
2870,1,1,0.78063
2870,1,2,0.640618
2870,1,3,0.539923
2870,2,1,0.62843
2870,2,2,0.442846
2870,2,3,0.335452
2880,1,1,0.78728
2880,1,2,0.637987
2880,1,3,0.518681
2880,2,1,0.637543
2880,2,2,0.435763
2880,2,3,0.299204
2890,1,1,0.797147
2890,1,2,0.664053
2890,1,3,0.564567
2890,2,1,0.667647
2890,2,2,0.499011
2890,2,3,0.388115
2900,1,1,0.796243
2900,1,2,0.647314
2900,1,3,0.513468
2900,2,1,0.649792
2900,2,2,0.467113
2900,2,3,0.329134
2910,1,1,0.801825
2910,1,2,0.66397
2910,1,3,0.551258
2910,2,1,0.655958
2910,2,2,0.470317
2910,2,3,0.325705
2920,1,1,0.80902
2920,1,2,0.668444
2920,1,3,0.581357
2920,2,1,0.68348
2920,2,2,0.486901
2920,2,3,0.362311
2930,1,1,0.794885
2930,1,2,0.647754
2930,1,3,0.52001
2930,2,1,0.65389
2930,2,2,0.464144
2930,2,3,0.347172
2940,1,1,0.789373
2940,1,2,0.628842
2940,1,3,0.508492
2940,2,1,0.643815
2940,2,2,0.445864
2940,2,3,0.337237
2950,1,1,0.788399
2950,1,2,0.647001
2950,1,3,0.542281
2950,2,1,0.633896
2950,2,2,0.445743
2950,2,3,0.324403
2960,1,1,0.768295
2960,1,2,0.619351
2960,1,3,0.496935
2960,2,1,0.616645
2960,2,2,0.421072
2960,2,3,0.298911
2970,1,1,0.794102
2970,1,2,0.639306
2970,1,3,0.517992
2970,2,1,0.63522
2970,2,2,0.425747
2970,2,3,0.302535
2980,1,1,0.780167
2980,1,2,0.625775
2980,1,3,0.499435
2980,2,1,0.623649
2980,2,2,0.417724
2980,2,3,0.288919
2990,1,1,0.80718
2990,1,2,0.675359
2990,1,3,0.557395
2990,2,1,0.664833
2990,2,2,0.475389
2990,2,3,0.352058
3000,1,1,0.779107
3000,1,2,0.626672
3000,1,3,0.505624
3000,2,1,0.628982
3000,2,2,0.427732
3000,2,3,0.301323
3010,1,1,0.785302
3010,1,2,0.626403
3010,1,3,0.487832
3010,2,1,0.628054
3010,2,2,0.402992
3010,2,3,0.246993
3020,1,1,0.77831
3020,1,2,0.645396
3020,1,3,0.520388
3020,2,1,0.609955
3020,2,2,0.4703
3020,2,3,0.340424
3030,1,1,0.78549
3030,1,2,0.63139
3030,1,3,0.497951
3030,2,1,0.647314
3030,2,2,0.422545
3030,2,3,0.294352
3040,1,1,0.788492
3040,1,2,0.646542
3040,1,3,0.524534
3040,2,1,0.642298
3040,2,2,0.454467
3040,2,3,0.308129
3050,1,1,0.808138
3050,1,2,0.66725
3050,1,3,0.555839
3050,2,1,0.668105
3050,2,2,0.486449
3050,2,3,0.360973
3060,1,1,0.798557
3060,1,2,0.663506
3060,1,3,0.562458
3060,2,1,0.659994
3060,2,2,0.488896
3060,2,3,0.36383
3070,1,1,0.798189
3070,1,2,0.669254
3070,1,3,0.55469
3070,2,1,0.64445
3070,2,2,0.465905
3070,2,3,0.325387
3080,1,1,0.782557
3080,1,2,0.631229
3080,1,3,0.516391
3080,2,1,0.621251
3080,2,2,0.432578
3080,2,3,0.306824
3090,1,1,0.785876
3090,1,2,0.650162
3090,1,3,0.546926
3090,2,1,0.640895
3090,2,2,0.468
3090,2,3,0.364287
3100,1,1,0.777518
3100,1,2,0.630038
3100,1,3,0.509355
3100,2,1,0.626361
3100,2,2,0.428166
3100,2,3,0.286196
3110,1,1,0.779215
3110,1,2,0.612833
3110,1,3,0.475556
3110,2,1,0.620022
3110,2,2,0.417458
3110,2,3,0.284479
3120,1,1,0.803635
3120,1,2,0.655607
3120,1,3,0.541084
3120,2,1,0.668608
3120,2,2,0.455479
3120,2,3,0.312685
3130,1,1,0.792864
3130,1,2,0.664996
3130,1,3,0.558305
3130,2,1,0.637966
3130,2,2,0.469565
3130,2,3,0.359111
3140,1,1,0.775203
3140,1,2,0.602626
3140,1,3,0.478798
3140,2,1,0.598827
3140,2,2,0.371904
3140,2,3,0.239975
3150,1,1,0.783525
3150,1,2,0.615755
3150,1,3,0.471243
3150,2,1,0.6229
3150,2,2,0.405724
3150,2,3,0.261732
3160,1,1,0.779956
3160,1,2,0.621908
3160,1,3,0.476333
3160,2,1,0.611832
3160,2,2,0.38173
3160,2,3,0.22843
3170,1,1,0.794799
3170,1,2,0.628852
3170,1,3,0.501207
3170,2,1,0.637283
3170,2,2,0.404668
3170,2,3,0.251022
3180,1,1,0.771877
3180,1,2,0.60033
3180,1,3,0.483309
3180,2,1,0.588965
3180,2,2,0.345784
3180,2,3,0.223859
3190,1,1,0.778964
3190,1,2,0.630844
3190,1,3,0.510013
3190,2,1,0.625944
3190,2,2,0.424736
3190,2,3,0.290838
3200,1,1,0.785123
3200,1,2,0.629064
3200,1,3,0.496295
3200,2,1,0.636619
3200,2,2,0.440485
3200,2,3,0.322969
3210,1,1,0.790394
3210,1,2,0.636926
3210,1,3,0.533857
3210,2,1,0.63856
3210,2,2,0.434019
3210,2,3,0.308737
3220,1,1,0.796214
3220,1,2,0.662613
3220,1,3,0.566607
3220,2,1,0.636044
3220,2,2,0.447525
3220,2,3,0.340705
3230,1,1,0.784963
3230,1,2,0.638896
3230,1,3,0.508735
3230,2,1,0.633053
3230,2,2,0.45028
3230,2,3,0.314774
3240,1,1,0.793728
3240,1,2,0.643611
3240,1,3,0.535184
3240,2,1,0.658258
3240,2,2,0.44692
3240,2,3,0.337592
3250,1,1,0.804462
3250,1,2,0.662002
3250,1,3,0.545702
3250,2,1,0.656351
3250,2,2,0.474494
3250,2,3,0.329948
3260,1,1,0.785507
3260,1,2,0.640869
3260,1,3,0.518757
3260,2,1,0.622926
3260,2,2,0.441141
3260,2,3,0.320312
3270,1,1,0.76954
3270,1,2,0.623485
3270,1,3,0.505417
3270,2,1,0.617216
3270,2,2,0.442595
3270,2,3,0.291933
3280,1,1,0.781111
3280,1,2,0.630546
3280,1,3,0.50461
3280,2,1,0.630626
3280,2,2,0.418908
3280,2,3,0.294672
3290,1,1,0.776915
3290,1,2,0.622003
3290,1,3,0.493004
3290,2,1,0.609877
3290,2,2,0.413243
3290,2,3,0.269016
3300,1,1,0.778899
3300,1,2,0.621627
3300,1,3,0.495141
3300,2,1,0.631415
3300,2,2,0.430855
3300,2,3,0.299594
3310,1,1,0.787592
3310,1,2,0.64924
3310,1,3,0.527857
3310,2,1,0.635492
3310,2,2,0.457124
3310,2,3,0.338616
3320,1,1,0.78529
3320,1,2,0.641439
3320,1,3,0.524117
3320,2,1,0.650653
3320,2,2,0.461449
3320,2,3,0.327892
3330,1,1,0.792163
3330,1,2,0.662679
3330,1,3,0.548659
3330,2,1,0.63456
3330,2,2,0.463054
3330,2,3,0.336028
3340,1,1,0.786725
3340,1,2,0.643828
3340,1,3,0.519798
3340,2,1,0.641828
3340,2,2,0.443655
3340,2,3,0.301338
3350,1,1,0.796578
3350,1,2,0.63272
3350,1,3,0.519704
3350,2,1,0.660524
3350,2,2,0.443906
3350,2,3,0.304666
3360,1,1,0.801281
3360,1,2,0.64205
3360,1,3,0.528405
3360,2,1,0.638275
3360,2,2,0.427578
3360,2,3,0.333501
3370,1,1,0.774056
3370,1,2,0.615487
3370,1,3,0.474326
3370,2,1,0.61813
3370,2,2,0.416451
3370,2,3,0.269852
3380,1,1,0.777629
3380,1,2,0.623106
3380,1,3,0.524968
3380,2,1,0.618547
3380,2,2,0.415851
3380,2,3,0.313054
3390,1,1,0.802799
3390,1,2,0.660551
3390,1,3,0.557437
3390,2,1,0.642585
3390,2,2,0.431938
3390,2,3,0.299744
3400,1,1,0.803812
3400,1,2,0.665329
3400,1,3,0.562012
3400,2,1,0.659204
3400,2,2,0.469744
3400,2,3,0.352408
3410,1,1,0.798085
3410,1,2,0.664053
3410,1,3,0.539071
3410,2,1,0.665095
3410,2,2,0.492404
3410,2,3,0.363925
3420,1,1,0.802308
3420,1,2,0.667852
3420,1,3,0.55815
3420,2,1,0.666316
3420,2,2,0.497494
3420,2,3,0.376131
3430,1,1,0.781409
3430,1,2,0.617476
3430,1,3,0.495471
3430,2,1,0.629608
3430,2,2,0.414071
3430,2,3,0.309659
3440,1,1,0.780995
3440,1,2,0.649654
3440,1,3,0.526457
3440,2,1,0.625587
3440,2,2,0.44058
3440,2,3,0.293037
3450,1,1,0.775337
3450,1,2,0.639987
3450,1,3,0.518871
3450,2,1,0.60148
3450,2,2,0.406335
3450,2,3,0.278405
3460,1,1,0.784594
3460,1,2,0.63792
3460,1,3,0.510833
3460,2,1,0.621213
3460,2,2,0.405287
3460,2,3,0.245856
3470,1,1,0.776632
3470,1,2,0.625028
3470,1,3,0.520895
3470,2,1,0.602166
3470,2,2,0.388497
3470,2,3,0.276643
3480,1,1,0.788352
3480,1,2,0.636196
3480,1,3,0.523319
3480,2,1,0.622835
3480,2,2,0.418772
3480,2,3,0.316583
3490,1,1,0.780696
3490,1,2,0.631196
3490,1,3,0.504413
3490,2,1,0.629049
3490,2,2,0.413909
3490,2,3,0.27688
3500,1,1,0.77666
3500,1,2,0.631591
3500,1,3,0.514906
3500,2,1,0.621868
3500,2,2,0.403598
3500,2,3,0.259042
3510,1,1,0.785681
3510,1,2,0.634781
3510,1,3,0.5336
3510,2,1,0.636498
3510,2,2,0.433948
3510,2,3,0.290102
3520,1,1,0.778267
3520,1,2,0.620909
3520,1,3,0.526013
3520,2,1,0.617999
3520,2,2,0.394511
3520,2,3,0.278502
3530,1,1,0.785286
3530,1,2,0.632606
3530,1,3,0.515929
3530,2,1,0.629291
3530,2,2,0.435048
3530,2,3,0.313715
3540,1,1,0.778192
3540,1,2,0.609654
3540,1,3,0.473069
3540,2,1,0.627027
3540,2,2,0.434309
3540,2,3,0.283809
3550,1,1,0.783589
3550,1,2,0.611195
3550,1,3,0.490743
3550,2,1,0.626034
3550,2,2,0.386496
3550,2,3,0.266507
3560,1,1,0.79557
3560,1,2,0.644446
3560,1,3,0.527995
3560,2,1,0.630665
3560,2,2,0.421194
3560,2,3,0.30237
3570,1,1,0.778759
3570,1,2,0.61555
3570,1,3,0.486834
3570,2,1,0.619486
3570,2,2,0.423939
3570,2,3,0.285687
3580,1,1,0.795193
3580,1,2,0.645205
3580,1,3,0.555708
3580,2,1,0.651763
3580,2,2,0.483088
3580,2,3,0.387512
3590,1,1,0.796686
3590,1,2,0.65734
3590,1,3,0.546728
3590,2,1,0.665246
3590,2,2,0.499173
3590,2,3,0.372788
3600,1,1,0.795657
3600,1,2,0.64802
3600,1,3,0.504339
3600,2,1,0.643373
3600,2,2,0.470388
3600,2,3,0.307609
3610,1,1,0.800773
3610,1,2,0.669947
3610,1,3,0.577597
3610,2,1,0.657148
3610,2,2,0.477042
3610,2,3,0.357157
3620,1,1,0.794152
3620,1,2,0.64656
3620,1,3,0.514142
3620,2,1,0.643103
3620,2,2,0.440759
3620,2,3,0.295415
3630,1,1,0.790172
3630,1,2,0.634057
3630,1,3,0.537768
3630,2,1,0.650479
3630,2,2,0.457696
3630,2,3,0.355425
3640,1,1,0.778107
3640,1,2,0.633195
3640,1,3,0.54022
3640,2,1,0.639635
3640,2,2,0.469033
3640,2,3,0.367413
3650,1,1,0.785615
3650,1,2,0.639192
3650,1,3,0.513375
3650,2,1,0.635241
3650,2,2,0.445069
3650,2,3,0.288907
3660,1,1,0.783609
3660,1,2,0.631066
3660,1,3,0.509912
3660,2,1,0.629537
3660,2,2,0.44292
3660,2,3,0.296785
3670,1,1,0.792398
3670,1,2,0.629816
3670,1,3,0.504507
3670,2,1,0.65747
3670,2,2,0.455039
3670,2,3,0.320233
3680,1,1,0.784366
3680,1,2,0.633058
3680,1,3,0.517109
3680,2,1,0.62631
3680,2,2,0.410826
3680,2,3,0.298239
3690,1,1,0.7812
3690,1,2,0.62302
3690,1,3,0.491186
3690,2,1,0.64238
3690,2,2,0.431792
3690,2,3,0.271872
3700,1,1,0.788929
3700,1,2,0.641169
3700,1,3,0.517232
3700,2,1,0.652099
3700,2,2,0.464433
3700,2,3,0.329574
3710,1,1,0.788632
3710,1,2,0.649118
3710,1,3,0.536689
3710,2,1,0.661027
3710,2,2,0.469101
3710,2,3,0.335422
3720,1,1,0.770742
3720,1,2,0.625113
3720,1,3,0.498444
3720,2,1,0.608391
3720,2,2,0.419692
3720,2,3,0.26713
3730,1,1,0.785948
3730,1,2,0.642163
3730,1,3,0.540772
3730,2,1,0.640454
3730,2,2,0.44729
3730,2,3,0.339312
3740,1,1,0.770812
3740,1,2,0.610984
3740,1,3,0.516378
3740,2,1,0.620762
3740,2,2,0.405969
3740,2,3,0.310786
3750,1,1,0.794926
3750,1,2,0.663853
3750,1,3,0.56419
3750,2,1,0.675233
3750,2,2,0.507567
3750,2,3,0.384474
3760,1,1,0.798972
3760,1,2,0.660085
3760,1,3,0.549802
3760,2,1,0.665336
3760,2,2,0.467526
3760,2,3,0.341589
3770,1,1,0.784062
3770,1,2,0.641431
3770,1,3,0.519997
3770,2,1,0.646939
3770,2,2,0.449913
3770,2,3,0.327467
3780,1,1,0.793366
3780,1,2,0.663672
3780,1,3,0.529067
3780,2,1,0.653176
3780,2,2,0.46659
3780,2,3,0.323219
3790,1,1,0.792173
3790,1,2,0.647053
3790,1,3,0.522028
3790,2,1,0.6466
3790,2,2,0.4624
3790,2,3,0.318545
3800,1,1,0.809127
3800,1,2,0.68756
3800,1,3,0.604064
3800,2,1,0.667564
3800,2,2,0.507778
3800,2,3,0.399348
3810,1,1,0.782978
3810,1,2,0.647907
3810,1,3,0.521355
3810,2,1,0.639576
3810,2,2,0.475831
3810,2,3,0.33754
3820,1,1,0.790443
3820,1,2,0.633317
3820,1,3,0.499392
3820,2,1,0.655224
3820,2,2,0.470921
3820,2,3,0.332871
3830,1,1,0.780787
3830,1,2,0.605532
3830,1,3,0.468284
3830,2,1,0.645012
3830,2,2,0.430371
3830,2,3,0.30598
3840,1,1,0.767015
3840,1,2,0.619117
3840,1,3,0.508238
3840,2,1,0.575079
3840,2,2,0.392062
3840,2,3,0.253892
3850,1,1,0.779253
3850,1,2,0.636984
3850,1,3,0.529738
3850,2,1,0.624204
3850,2,2,0.442913
3850,2,3,0.334896
3860,1,1,0.788703
3860,1,2,0.627189
3860,1,3,0.517142
3860,2,1,0.641209
3860,2,2,0.428123
3860,2,3,0.293147
3870,1,1,0.795336
3870,1,2,0.65878
3870,1,3,0.54478
3870,2,1,0.655868
3870,2,2,0.473403
3870,2,3,0.371999
3880,1,1,0.771598
3880,1,2,0.603327
3880,1,3,0.485537
3880,2,1,0.617699
3880,2,2,0.397093
3880,2,3,0.267003
3890,1,1,0.784585
3890,1,2,0.63448
3890,1,3,0.514835
3890,2,1,0.637679
3890,2,2,0.447623
3890,2,3,0.323114
3900,1,1,0.796701
3900,1,2,0.648936
3900,1,3,0.528619
3900,2,1,0.650776
3900,2,2,0.479032
3900,2,3,0.377959
3910,1,1,0.787934
3910,1,2,0.648718
3910,1,3,0.532752
3910,2,1,0.632275
3910,2,2,0.45382
3910,2,3,0.350577
3920,1,1,0.800755
3920,1,2,0.659194
3920,1,3,0.552651
3920,2,1,0.66584
3920,2,2,0.466091
3920,2,3,0.364701
3930,1,1,0.781826
3930,1,2,0.629562
3930,1,3,0.504102
3930,2,1,0.642746
3930,2,2,0.444709
3930,2,3,0.327484
3940,1,1,0.795179
3940,1,2,0.646204
3940,1,3,0.516268
3940,2,1,0.661868
3940,2,2,0.477899
3940,2,3,0.346252
3950,1,1,0.790374
3950,1,2,0.640905
3950,1,3,0.525386
3950,2,1,0.628308
3950,2,2,0.444058
3950,2,3,0.31378
3960,1,1,0.791067
3960,1,2,0.629368
3960,1,3,0.484932
3960,2,1,0.632686
3960,2,2,0.42494
3960,2,3,0.275209
3970,1,1,0.798978
3970,1,2,0.644032
3970,1,3,0.517536
3970,2,1,0.654375
3970,2,2,0.452797
3970,2,3,0.301982
3980,1,1,0.776505
3980,1,2,0.599883
3980,1,3,0.46941
3980,2,1,0.636849
3980,2,2,0.392451
3980,2,3,0.237113
3990,1,1,0.779256
3990,1,2,0.612592
3990,1,3,0.469853
3990,2,1,0.628106
3990,2,2,0.389008
3990,2,3,0.239147
4000,1,1,0.790095
4000,1,2,0.63461
4000,1,3,0.498442
4000,2,1,0.643621
4000,2,2,0.4178
4000,2,3,0.266026
4010,1,1,0.769131
4010,1,2,0.594574
4010,1,3,0.46695
4010,2,1,0.598476
4010,2,2,0.36224
4010,2,3,0.218382
4020,1,1,0.785207
4020,1,2,0.629836
4020,1,3,0.519975
4020,2,1,0.639032
4020,2,2,0.436018
4020,2,3,0.306666
4030,1,1,0.799485
4030,1,2,0.650425
4030,1,3,0.533673
4030,2,1,0.667561
4030,2,2,0.473647
4030,2,3,0.35483
4040,1,1,0.779597
4040,1,2,0.635994
4040,1,3,0.534841
4040,2,1,0.651262
4040,2,2,0.453975
4040,2,3,0.333903
4050,1,1,0.774106
4050,1,2,0.615264
4050,1,3,0.498682
4050,2,1,0.627227
4050,2,2,0.419044
4050,2,3,0.303435
4060,1,1,0.792256
4060,1,2,0.65975
4060,1,3,0.544659
4060,2,1,0.649296
4060,2,2,0.501561
4060,2,3,0.374799
4070,1,1,0.77434
4070,1,2,0.622356
4070,1,3,0.491772
4070,2,1,0.604259
4070,2,2,0.401263
4070,2,3,0.263691
4080,1,1,0.772386
4080,1,2,0.602964
4080,1,3,0.454303
4080,2,1,0.620077
4080,2,2,0.387462
4080,2,3,0.258434
4090,1,1,0.792964
4090,1,2,0.648104
4090,1,3,0.533737
4090,2,1,0.653253
4090,2,2,0.449707
4090,2,3,0.324973
4100,1,1,0.791944
4100,1,2,0.654319
4100,1,3,0.549668
4100,2,1,0.656242
4100,2,2,0.481199
4100,2,3,0.360162
4110,1,1,0.779157
4110,1,2,0.627919
4110,1,3,0.522909
4110,2,1,0.617465
4110,2,2,0.412866
4110,2,3,0.292709
4120,1,1,0.771543
4120,1,2,0.610428
4120,1,3,0.491017
4120,2,1,0.613788
4120,2,2,0.39584
4120,2,3,0.265939
4130,1,1,0.792774
4130,1,2,0.648487
4130,1,3,0.526179
4130,2,1,0.647335
4130,2,2,0.448829
4130,2,3,0.288117
4140,1,1,0.780924
4140,1,2,0.633376
4140,1,3,0.50541
4140,2,1,0.627495
4140,2,2,0.431894
4140,2,3,0.283542
4150,1,1,0.796826
4150,1,2,0.652787
4150,1,3,0.53183
4150,2,1,0.653127
4150,2,2,0.443958
4150,2,3,0.298806
4160,1,1,0.792979
4160,1,2,0.64715
4160,1,3,0.536968
4160,2,1,0.647568
4160,2,2,0.444931
4160,2,3,0.314647
4170,1,1,0.783814
4170,1,2,0.626454
4170,1,3,0.5144
4170,2,1,0.631681
4170,2,2,0.42583
4170,2,3,0.29449
4180,1,1,0.776836
4180,1,2,0.639943
4180,1,3,0.52302
4180,2,1,0.62752
4180,2,2,0.446167
4180,2,3,0.320277
4190,1,1,0.800432
4190,1,2,0.648111
4190,1,3,0.534361
4190,2,1,0.655551
4190,2,2,0.44244
4190,2,3,0.312231
4200,1,1,0.793977
4200,1,2,0.652569
4200,1,3,0.551179
4200,2,1,0.663205
4200,2,2,0.500458
4200,2,3,0.400446
4210,1,1,0.788064
4210,1,2,0.650794
4210,1,3,0.543758
4210,2,1,0.621636
4210,2,2,0.438837
4210,2,3,0.336828
4220,1,1,0.781648
4220,1,2,0.648738
4220,1,3,0.549356
4220,2,1,0.635721
4220,2,2,0.460713
4220,2,3,0.371914
4230,1,1,0.775941
4230,1,2,0.638199
4230,1,3,0.541083
4230,2,1,0.631885
4230,2,2,0.462729
4230,2,3,0.369598
4240,1,1,0.792035
4240,1,2,0.670885
4240,1,3,0.572178
4240,2,1,0.653973
4240,2,2,0.48462
4240,2,3,0.378926
4250,1,1,0.79224
4250,1,2,0.626271
4250,1,3,0.498841
4250,2,1,0.680374
4250,2,2,0.452116
4250,2,3,0.294897
4260,1,1,0.801522
4260,1,2,0.642589
4260,1,3,0.526956
4260,2,1,0.665699
4260,2,2,0.441073
4260,2,3,0.331535
4270,1,1,0.782777
4270,1,2,0.617927
4270,1,3,0.480871
4270,2,1,0.635661
4270,2,2,0.431378
4270,2,3,0.286117
4280,1,1,0.789474
4280,1,2,0.637139
4280,1,3,0.505888
4280,2,1,0.642369
4280,2,2,0.449621
4280,2,3,0.28021
4290,1,1,0.782689
4290,1,2,0.638078
4290,1,3,0.529405
4290,2,1,0.637358
4290,2,2,0.420353
4290,2,3,0.293637
4300,1,1,0.79219
4300,1,2,0.640099
4300,1,3,0.524839
4300,2,1,0.643683
4300,2,2,0.444868
4300,2,3,0.310969
4310,1,1,0.790611
4310,1,2,0.642891
4310,1,3,0.549234
4310,2,1,0.648375
4310,2,2,0.459175
4310,2,3,0.371585
4320,1,1,0.791694
4320,1,2,0.655978
4320,1,3,0.533803
4320,2,1,0.633855
4320,2,2,0.463709
4320,2,3,0.353836
4330,1,1,0.810695
4330,1,2,0.685856
4330,1,3,0.591598
4330,2,1,0.666924
4330,2,2,0.500638
4330,2,3,0.381594
4340,1,1,0.785558
4340,1,2,0.635131
4340,1,3,0.540101
4340,2,1,0.628262
4340,2,2,0.421217
4340,2,3,0.307296
4350,1,1,0.775522
4350,1,2,0.641048
4350,1,3,0.52999
4350,2,1,0.610389
4350,2,2,0.425122
4350,2,3,0.290146
4360,1,1,0.778424
4360,1,2,0.6069
4360,1,3,0.469026
4360,2,1,0.619772
4360,2,2,0.381804
4360,2,3,0.241168
4370,1,1,0.799028
4370,1,2,0.635931
4370,1,3,0.502871
4370,2,1,0.646577
4370,2,2,0.433281
4370,2,3,0.297784
4380,1,1,0.789226
4380,1,2,0.629982
4380,1,3,0.522199
4380,2,1,0.656396
4380,2,2,0.440086
4380,2,3,0.303123
4390,1,1,0.785901
4390,1,2,0.626924
4390,1,3,0.512002
4390,2,1,0.6217
4390,2,2,0.393498
4390,2,3,0.259163
4400,1,1,0.803587
4400,1,2,0.659854
4400,1,3,0.550256
4400,2,1,0.662824
4400,2,2,0.463006
4400,2,3,0.338587
4410,1,1,0.767374
4410,1,2,0.599626
4410,1,3,0.478744
4410,2,1,0.60709
4410,2,2,0.39834
4410,2,3,0.240553
4420,1,1,0.7837
4420,1,2,0.633766
4420,1,3,0.527936
4420,2,1,0.624551
4420,2,2,0.437439
4420,2,3,0.317443
4430,1,1,0.772731
4430,1,2,0.623407
4430,1,3,0.492782
4430,2,1,0.582535
4430,2,2,0.394061
4430,2,3,0.268205
4440,1,1,0.776795
4440,1,2,0.618458
4440,1,3,0.491745
4440,2,1,0.625118
4440,2,2,0.440543
4440,2,3,0.28362
4450,1,1,0.780352
4450,1,2,0.623497
4450,1,3,0.501822
4450,2,1,0.634269
4450,2,2,0.428985
4450,2,3,0.287396
4460,1,1,0.787971
4460,1,2,0.651951
4460,1,3,0.531461
4460,2,1,0.628481
4460,2,2,0.438064
4460,2,3,0.287588
4470,1,1,0.796621
4470,1,2,0.658181
4470,1,3,0.544955
4470,2,1,0.665615
4470,2,2,0.468464
4470,2,3,0.3405
4480,1,1,0.791615
4480,1,2,0.649622
4480,1,3,0.521714
4480,2,1,0.641689
4480,2,2,0.464465
4480,2,3,0.340505
4490,1,1,0.804992
4490,1,2,0.656015
4490,1,3,0.540675
4490,2,1,0.66389
4490,2,2,0.472875
4490,2,3,0.358006
4500,1,1,0.780787
4500,1,2,0.631973
4500,1,3,0.49084
4500,2,1,0.6464
4500,2,2,0.440483
4500,2,3,0.274079
4510,1,1,0.798876
4510,1,2,0.650916
4510,1,3,0.525158
4510,2,1,0.639005
4510,2,2,0.436321
4510,2,3,0.266601
4520,1,1,0.795013
4520,1,2,0.652694
4520,1,3,0.541842
4520,2,1,0.651153
4520,2,2,0.469515
4520,2,3,0.331184
4530,1,1,0.789746
4530,1,2,0.627254
4530,1,3,0.483634
4530,2,1,0.645154
4530,2,2,0.412272
4530,2,3,0.242351
4540,1,1,0.79712
4540,1,2,0.660153
4540,1,3,0.560169
4540,2,1,0.653831
4540,2,2,0.460667
4540,2,3,0.317807
4550,1,1,0.79467
4550,1,2,0.670235
4550,1,3,0.571233
4550,2,1,0.63522
4550,2,2,0.465691
4550,2,3,0.350285
4560,1,1,0.781822
4560,1,2,0.643916
4560,1,3,0.529597
4560,2,1,0.640955
4560,2,2,0.45843
4560,2,3,0.338619
4570,1,1,0.78908
4570,1,2,0.648227
4570,1,3,0.508298
4570,2,1,0.636744
4570,2,2,0.446336
4570,2,3,0.298942
4580,1,1,0.766546
4580,1,2,0.599808
4580,1,3,0.47986
4580,2,1,0.606785
4580,2,2,0.402127
4580,2,3,0.270456
4590,1,1,0.796155
4590,1,2,0.652457
4590,1,3,0.531029
4590,2,1,0.649985
4590,2,2,0.447476
4590,2,3,0.30893
4600,1,1,0.778964
4600,1,2,0.624105
4600,1,3,0.518489
4600,2,1,0.617438
4600,2,2,0.422801
4600,2,3,0.293326
4610,1,1,0.773169
4610,1,2,0.599285
4610,1,3,0.479207
4610,2,1,0.59478
4610,2,2,0.362129
4610,2,3,0.247783
4620,1,1,0.788897
4620,1,2,0.640289
4620,1,3,0.512879
4620,2,1,0.621549
4620,2,2,0.425615
4620,2,3,0.284458
4630,1,1,0.792058
4630,1,2,0.632938
4630,1,3,0.499738
4630,2,1,0.635317
4630,2,2,0.439703
4630,2,3,0.291492
4640,1,1,0.779945
4640,1,2,0.628115
4640,1,3,0.50889
4640,2,1,0.645014
4640,2,2,0.443008
4640,2,3,0.282272
4650,1,1,0.778744
4650,1,2,0.613008
4650,1,3,0.480718
4650,2,1,0.61651
4650,2,2,0.424234
4650,2,3,0.290865
4660,1,1,0.7858
4660,1,2,0.60892
4660,1,3,0.485982
4660,2,1,0.621583
4660,2,2,0.396657
4660,2,3,0.274034
4670,1,1,0.805072
4670,1,2,0.679707
4670,1,3,0.56877
4670,2,1,0.650575
4670,2,2,0.460268
4670,2,3,0.326305
4680,1,1,0.78358
4680,1,2,0.642336
4680,1,3,0.520362
4680,2,1,0.615089
4680,2,2,0.404519
4680,2,3,0.263213
4690,1,1,0.772637
4690,1,2,0.612108
4690,1,3,0.480467
4690,2,1,0.613879
4690,2,2,0.400702
4690,2,3,0.23555
4700,1,1,0.776929
4700,1,2,0.608528
4700,1,3,0.487885
4700,2,1,0.632594
4700,2,2,0.407793
4700,2,3,0.285881
4710,1,1,0.793949
4710,1,2,0.647579
4710,1,3,0.506505
4710,2,1,0.639387
4710,2,2,0.425073
4710,2,3,0.242062
4720,1,1,0.790707
4720,1,2,0.644982
4720,1,3,0.521071
4720,2,1,0.635766
4720,2,2,0.437416
4720,2,3,0.282789
4730,1,1,0.786906
4730,1,2,0.642996
4730,1,3,0.52465
4730,2,1,0.625023
4730,2,2,0.398905
4730,2,3,0.246324
4740,1,1,0.796504
4740,1,2,0.644049
4740,1,3,0.519285
4740,2,1,0.639067
4740,2,2,0.419898
4740,2,3,0.268072
4750,1,1,0.784298
4750,1,2,0.62143
4750,1,3,0.499019
4750,2,1,0.629269
4750,2,2,0.423518
4750,2,3,0.278659
4760,1,1,0.778095
4760,1,2,0.626248
4760,1,3,0.497193
4760,2,1,0.607461
4760,2,2,0.398168
4760,2,3,0.25727
4770,1,1,0.780356
4770,1,2,0.610886
4770,1,3,0.479607
4770,2,1,0.622745
4770,2,2,0.410111
4770,2,3,0.25302
4780,1,1,0.790564
4780,1,2,0.643013
4780,1,3,0.524564
4780,2,1,0.653464
4780,2,2,0.459833
4780,2,3,0.326677
4790,1,1,0.789646
4790,1,2,0.653228
4790,1,3,0.566984
4790,2,1,0.632785
4790,2,2,0.449648
4790,2,3,0.355713
4800,1,1,0.793046
4800,1,2,0.635956
4800,1,3,0.507045
4800,2,1,0.650941
4800,2,2,0.448692
4800,2,3,0.338197
4810,1,1,0.762935
4810,1,2,0.60338
4810,1,3,0.461427
4810,2,1,0.614634
4810,2,2,0.407515
4810,2,3,0.282551
4820,1,1,0.795842
4820,1,2,0.644665
4820,1,3,0.542102
4820,2,1,0.656603
4820,2,2,0.467373
4820,2,3,0.353206
4830,1,1,0.775379
4830,1,2,0.609364
4830,1,3,0.469529
4830,2,1,0.616354
4830,2,2,0.420259
4830,2,3,0.287859
4840,1,1,0.795788
4840,1,2,0.641309
4840,1,3,0.527954
4840,2,1,0.651716
4840,2,2,0.470071
4840,2,3,0.346467
4850,1,1,0.789651
4850,1,2,0.630458
4850,1,3,0.496835
4850,2,1,0.626647
4850,2,2,0.443315
4850,2,3,0.316606
4860,1,1,0.791744
4860,1,2,0.659134
4860,1,3,0.551367
4860,2,1,0.645956
4860,2,2,0.474907
4860,2,3,0.365869
4870,1,1,0.791197
4870,1,2,0.650062
4870,1,3,0.556761
4870,2,1,0.65332
4870,2,2,0.47415
4870,2,3,0.375695
4880,1,1,0.820418
4880,1,2,0.661678
4880,1,3,0.53269
4880,2,1,0.695286
4880,2,2,0.492359
4880,2,3,0.352638
4890,1,1,0.777651
4890,1,2,0.637394
4890,1,3,0.526948
4890,2,1,0.622803
4890,2,2,0.460475
4890,2,3,0.336482
4900,1,1,0.798429
4900,1,2,0.661463
4900,1,3,0.548525
4900,2,1,0.660554
4900,2,2,0.487337
4900,2,3,0.345489
4910,1,1,0.785394
4910,1,2,0.642067
4910,1,3,0.541482
4910,2,1,0.630116
4910,2,2,0.437803
4910,2,3,0.303619
4920,1,1,0.77919
4920,1,2,0.63478
4920,1,3,0.530737
4920,2,1,0.639188
4920,2,2,0.444278
4920,2,3,0.333014
4930,1,1,0.803991
4930,1,2,0.65807
4930,1,3,0.536082
4930,2,1,0.659999
4930,2,2,0.470223
4930,2,3,0.340284
4940,1,1,0.775971
4940,1,2,0.618019
4940,1,3,0.495394
4940,2,1,0.59931
4940,2,2,0.410312
4940,2,3,0.293165
4950,1,1,0.80945
4950,1,2,0.660638
4950,1,3,0.539415
4950,2,1,0.682161
4950,2,2,0.480467
4950,2,3,0.367247
4960,1,1,0.777807
4960,1,2,0.610502
4960,1,3,0.474831
4960,2,1,0.632767
4960,2,2,0.422316
4960,2,3,0.293766
4970,1,1,0.790187
4970,1,2,0.64996
4970,1,3,0.53558
4970,2,1,0.639324
4970,2,2,0.453916
4970,2,3,0.345784
4980,1,1,0.787133
4980,1,2,0.634421
4980,1,3,0.519066
4980,2,1,0.629363
4980,2,2,0.433345
4980,2,3,0.331682
4990,1,1,0.782969
4990,1,2,0.642215
4990,1,3,0.52361
4990,2,1,0.637365
4990,2,2,0.440714
4990,2,3,0.308732
5000,1,1,0.773854
5000,1,2,0.628896
5000,1,3,0.517432
5000,2,1,0.627096
5000,2,2,0.449306
5000,2,3,0.331536
